序号,链接,节点数
0,https://9znpFC.mcsslk.xyz/c5ec0821f4271faa493710e7b0613228,0
1,https://g8WtNF.absslk.xyz/7206433dbef376c2a813cdbbbdb50a76,0
2,https://gist.githubusercontent.com/peasoft/40b87245630092f30cc98af61190b4e2/raw/,10
3,https://raw.githubusercontent.com/Alvin9999/pac2/master/clash.meta2/1/config.yaml,1
4,https://raw.githubusercontent.com/Alvin9999/pac2/master/clash.meta2/13/config.yaml,1
5,https://raw.githubusercontent.com/Alvin9999/pac2/master/clash.meta2/15/config.yaml,1
6,https://raw.githubusercontent.com/Alvin9999/pac2/master/clash.meta2/2/config.yaml,1
7,https://raw.githubusercontent.com/Alvin9999/pac2/master/clash.meta2/config.yaml,1
8,https://raw.githubusercontent.com/Huibq/TrojanLinks/master/links/vmess,0
9,https://raw.githubusercontent.com/Misaka-blog/chromego_merge/refs/heads/main/sub/merged_proxies_new.yaml,12
10,https://raw.githubusercontent.com/Surfboardv2ray/TGParse/main/python/hy2,53
11,https://raw.githubusercontent.com/Surfboardv2ray/TGParse/main/python/hysteria2,237
12,https://raw.githubusercontent.com/ripaojiedian/freenode/main/clash,17
13,https://raw.githubusercontent.com/ripaojiedian/freenode/main/sub,17
14,https://raw.githubusercontent.com/zhangkaiitugithub/passcro/main/speednodes.yaml,17

总计,,229
